Idx,article_id,Date,Title,comment_data,image,URL,Filler,Comments,,,,,,,,,
1,217,"Nov. 20, 2025",Global Nuclear Powers,217.json,217.png,https://www.nytimes.com/2025/11/20/learning/whats-going-on-in-this-graph-dec-3-2025.html,#commentsContainer,https://www.nytimes.com/2025/11/20/learning/whats-going-on-in-this-graph-dec-3-2025.html#commentsContainer,,,,,,,,,
2,216,"Nov. 13, 2025","Nov. 19, 2025 (Nonsports TV)",216.json,216.png,https://www.nytimes.com/2025/11/13/learning/whats-going-on-in-this-graph-nov-19-2025.html,#commentsContainer,https://www.nytimes.com/2025/11/13/learning/whats-going-on-in-this-graph-nov-19-2025.html#commentsContainer,,,,,,,,,
3,215,"Nov. 6, 2025",Birthrates,215.json,215.png,https://www.nytimes.com/2025/11/06/learning/whats-going-on-in-this-graph-nov-12-2025.html,#commentsContainer,https://www.nytimes.com/2025/11/06/learning/whats-going-on-in-this-graph-nov-12-2025.html#commentsContainer,,,,,,,,,
4,214,"Oct. 30, 2025",Cost of Coins,214.json,214.png,https://www.nytimes.com/2025/10/30/learning/whats-going-on-in-this-graph-nov-5-2025.html,#commentsContainer,https://www.nytimes.com/2025/10/30/learning/whats-going-on-in-this-graph-nov-5-2025.html#commentsContainer,,,,,,,,,
5,213,"Oct. 23, 2025",Girls Excel,213.json,213.png,https://www.nytimes.com/2025/10/23/learning/whats-going-on-in-this-graph-oct-29-2025.html,#commentsContainer,https://www.nytimes.com/2025/10/23/learning/whats-going-on-in-this-graph-oct-29-2025.html#commentsContainer,,,,,,,,,
6,212,"Oct. 9, 2025",Chinese Imports,212.json,212.png,https://www.nytimes.com/2025/10/09/learning/whats-going-on-in-this-graph-oct-22-2025.html,#commentsContainer,https://www.nytimes.com/2025/10/09/learning/whats-going-on-in-this-graph-oct-22-2025.html#commentsContainer,,,,,,,,,
7,211,"Oct. 2, 2025",Sonic Booms,211.json,211.png,https://www.nytimes.com/2025/10/02/learning/whats-going-on-in-this-graph-oct-8-2025.html,#commentsContainer,https://www.nytimes.com/2025/10/02/learning/whats-going-on-in-this-graph-oct-8-2025.html#commentsContainer,,,,,,,,,
8,210,"Sept. 18, 2025",Value of a Dollar,210.json,210.png,https://www.nytimes.com/2025/09/18/learning/whats-going-on-in-this-graph-oct-1-2025.html,#commentsContainer,https://www.nytimes.com/2025/09/18/learning/whats-going-on-in-this-graph-oct-1-2025.html#commentsContainer,,,,,,,,,
9,209,"Sept. 11, 2025",Summer Movies,209.json,209.png,https://www.nytimes.com/2025/09/11/learning/whats-going-on-in-this-graph-sept-17-2025.html,#commentsContainer,https://www.nytimes.com/2025/09/11/learning/whats-going-on-in-this-graph-sept-17-2025.html#commentsContainer,,,,,,,,,
10,208,"Sept. 4, 2025",Butterflies,208.json,208.png,https://www.nytimes.com/2025/09/04/learning/whats-going-on-in-this-graph-sept-10-2025.html,#commentsContainer,https://www.nytimes.com/2025/09/04/learning/whats-going-on-in-this-graph-sept-10-2025.html#commentsContainer,,,,,,,,,
11,207,"May 1, 2025",Healthy Foods,207.json,207.png,https://www.nytimes.com/2025/05/01/learning/whats-going-on-in-this-graph-may-7-2025.html,#commentsContainer,https://www.nytimes.com/2025/05/01/learning/whats-going-on-in-this-graph-may-7-2025.html#commentsContainer,,,,,,,,,
12,206,"April 24, 2025",L.G.B.T.Q. Self-Identification,206.json,206.png,https://www.nytimes.com/2025/04/24/learning/whats-going-on-in-this-graph-april-30-2025.html,#commentsContainer,https://www.nytimes.com/2025/04/24/learning/whats-going-on-in-this-graph-april-30-2025.html#commentsContainer,,,,,,,,,
13,205,"April 10, 2025",Pre- and Post-Covid,205.json,205.png,https://www.nytimes.com/2025/04/10/learning/whats-going-on-in-this-graph-april-23-2025.html,#commentsContainer,https://www.nytimes.com/2025/04/10/learning/whats-going-on-in-this-graph-april-23-2025.html#commentsContainer,,,,,,,,,
14,204,"March 27, 2025",Wealth and Well-Being,204.json,204.png,https://www.nytimes.com/2025/03/27/learning/whats-going-on-in-this-graph-april-9-2025.html,#commentsContainer,https://www.nytimes.com/2025/03/27/learning/whats-going-on-in-this-graph-april-9-2025.html#commentsContainer,,,,,,,,,
15,203,"March 13, 2025",Biomass and Technomass,203.json,203.png,https://www.nytimes.com/2025/03/13/learning/whats-going-on-in-this-graph-march-26-2025.html,#commentsContainer,https://www.nytimes.com/2025/03/13/learning/whats-going-on-in-this-graph-march-26-2025.html#commentsContainer,,,,,,,,,
16,202,"March 6, 2025",Tariffs (Sneakers),202.json,202.png,https://www.nytimes.com/2025/03/06/learning/whats-going-on-in-this-graph-march-12-2025.html,#commentsContainer,https://www.nytimes.com/2025/03/06/learning/whats-going-on-in-this-graph-march-12-2025.html#commentsContainer,,,,,,,,,
17,201,"Feb. 27, 2025",Vaccinations,201.json,201.png,https://www.nytimes.com/2025/02/27/learning/whats-going-on-in-this-graph-march-5-2025.html,#commentsContainer,https://www.nytimes.com/2025/02/27/learning/whats-going-on-in-this-graph-march-5-2025.html#commentsContainer,,,,,,,,,
18,200,"Feb. 13, 2025",U.S. Foreign-Born Workers,200.json,200.png,https://www.nytimes.com/2025/02/13/learning/whats-going-on-in-this-graph-feb-26-2025.html,#commentsContainer,https://www.nytimes.com/2025/02/13/learning/whats-going-on-in-this-graph-feb-26-2025.html#commentsContainer,,,,,,,,,
19,199,"Feb. 6, 2025",College Athletes’ Earnings,199.json,199.png,https://www.nytimes.com/2025/02/06/learning/whats-going-on-in-this-graph-feb-12-2025.html,#commentsContainer,https://www.nytimes.com/2025/02/06/learning/whats-going-on-in-this-graph-feb-12-2025.html#commentsContainer,,,,,,,,,
20,198,"Jan. 30, 2025",2024 State Elections,198.json,198.png,https://www.nytimes.com/2025/01/30/learning/whats-going-on-in-this-graph-feb-5-2025.html,#commentsContainer,https://www.nytimes.com/2025/01/30/learning/whats-going-on-in-this-graph-feb-5-2025.html#commentsContainer,,,,,,,,,
21,197,"Jan. 16, 2025",Lead Poisoning,197.json,197.png,https://www.nytimes.com/2025/01/16/learning/whats-going-on-in-this-graph-jan-29-2025.html,#commentsContainer,https://www.nytimes.com/2025/01/16/learning/whats-going-on-in-this-graph-jan-29-2025.html#commentsContainer,,,,,,,,,
22,196,"Jan. 9, 2025",Homebodies,196.json,196.png,https://www.nytimes.com/2025/01/09/learning/whats-going-on-in-this-graph-jan-15-2025.html,#commentsContainer,https://www.nytimes.com/2025/01/09/learning/whats-going-on-in-this-graph-jan-15-2025.html#commentsContainer,,,,,,,,,
23,195,"Dec. 12, 2024",Banned Books,195.json,195.png,https://www.nytimes.com/2024/12/12/learning/whats-going-on-in-this-graph-jan-8-2025.html,#commentsContainer,https://www.nytimes.com/2024/12/12/learning/whats-going-on-in-this-graph-jan-8-2025.html#commentsContainer,,,,,,,,,
24,194,"Dec. 5, 2024",Uncrustables,194.json,194.png,https://www.nytimes.com/2024/12/05/learning/whats-going-on-in-this-graph-dec-11-2024.html,#commentsContainer,https://www.nytimes.com/2024/12/05/learning/whats-going-on-in-this-graph-dec-11-2024.html#commentsContainer,,,,,,,,,
25,193,"Nov. 21, 2024",Drought,193.json,193.png,https://www.nytimes.com/2024/11/21/learning/whats-going-on-in-this-graph-dec-4-2024.html,#commentsContainer,https://www.nytimes.com/2024/11/21/learning/whats-going-on-in-this-graph-dec-4-2024.html#commentsContainer,,,,,,,,,
26,192,"Nov. 7, 2024",Where We Work,192.json,192.png,https://www.nytimes.com/2024/11/07/learning/whats-going-on-in-this-graph-nov-20-2024.html,#commentsContainer,https://www.nytimes.com/2024/11/07/learning/whats-going-on-in-this-graph-nov-20-2024.html#commentsContainer,,,,,,,,,
27,191,"Oct. 31, 2024",Taylor Swift,191.json,191.png,https://www.nytimes.com/2024/10/31/learning/whats-going-on-in-this-graph-nov-6-2024.html,#commentsContainer,https://www.nytimes.com/2024/10/31/learning/whats-going-on-in-this-graph-nov-6-2024.html#commentsContainer,,,,,,,,,
28,190,"Oct. 24, 2024",Swing Voters,190.json,190.png,https://www.nytimes.com/2024/10/24/learning/whats-going-on-in-this-graph-oct-30-2024.html,#commentsContainer,https://www.nytimes.com/2024/10/24/learning/whats-going-on-in-this-graph-oct-30-2024.html#commentsContainer,,,,,,,,,
29,189,"Oct. 10, 2024",Gulf of Mexico,189.json,189.png,https://www.nytimes.com/2024/10/10/learning/whats-going-on-in-this-graph-oct-23-2024.html,#commentsContainer,https://www.nytimes.com/2024/10/10/learning/whats-going-on-in-this-graph-oct-23-2024.html#commentsContainer,,,,,,,,,
30,188,"Sept. 26, 2024",Candidates’ Career Timelines,188.json,188.png,https://www.nytimes.com/2024/09/26/learning/whats-going-on-in-this-graph-oct-9-2024.html,#commentsContainer,https://www.nytimes.com/2024/09/26/learning/whats-going-on-in-this-graph-oct-9-2024.html#commentsContainer,,,,,,,,,
31,187,"Sept. 19, 2024",Las Vegas Temperatures,187.json,187.png,https://www.nytimes.com/2024/09/19/learning/whats-going-on-in-this-graph-sept-25-2024.html,#commentsContainer,https://www.nytimes.com/2024/09/19/learning/whats-going-on-in-this-graph-sept-25-2024.html#commentsContainer,,,,,,,,,
32,186,"Sept. 12, 2024",Summer Olympics Medal Count,186.json,186.png,https://www.nytimes.com/2024/09/12/learning/whats-going-on-in-this-graph-sept-18-2024.html,#commentsContainer,https://www.nytimes.com/2024/09/12/learning/whats-going-on-in-this-graph-sept-18-2024.html#commentsContainer,,,,,,,,,
33,185,"Sept. 5, 2024",Generating Electricity,185.json,185.png,https://www.nytimes.com/2024/09/05/learning/whats-going-on-in-this-graph-sept-11-2024.html,#commentsContainer,https://www.nytimes.com/2024/09/05/learning/whats-going-on-in-this-graph-sept-11-2024.html#commentsContainer,,,,,,,,,
34,184,"May 2, 2024",Hotter Summers,184.json,184.png,https://www.nytimes.com/2024/05/02/learning/whats-going-on-in-this-graph-may-8-2024.html,#commentsContainer,https://www.nytimes.com/2024/05/02/learning/whats-going-on-in-this-graph-may-8-2024.html#commentsContainer,,,,,,,,,
35,183,"April 24, 2024",Young Adult Children Reaching Out to Parents,183.json,183.png,https://www.nytimes.com/2024/04/24/learning/whats-going-on-in-this-graph-may-1-2024.html,#commentsContainer,https://www.nytimes.com/2024/04/24/learning/whats-going-on-in-this-graph-may-1-2024.html#commentsContainer,,,,,,,,,
36,182,"April 10, 2024",‘Shrinkflation’,182.json,182.png,https://www.nytimes.com/2024/04/10/learning/whats-going-on-in-this-graph-april-17-2024.html,#commentsContainer,https://www.nytimes.com/2024/04/10/learning/whats-going-on-in-this-graph-april-17-2024.html#commentsContainer,,,,,,,,,
37,181,"March 28, 2024",Global Electricity Sources,181.json,181.png,https://www.nytimes.com/2024/03/28/learning/whats-going-on-in-this-graph-april-10-2024.html,#commentsContainer,https://www.nytimes.com/2024/03/28/learning/whats-going-on-in-this-graph-april-10-2024.html#commentsContainer,,,,,,,,,
38,180,"March 14, 2024",World Youth,180.json,180.png,https://www.nytimes.com/2024/03/14/learning/whats-going-on-in-this-graph-march-27-2024.html,#commentsContainer,https://www.nytimes.com/2024/03/14/learning/whats-going-on-in-this-graph-march-27-2024.html#commentsContainer,,,,,,,,,
39,179,"March 7, 2024",Student Opinions,179.json,179.png,https://www.nytimes.com/2024/03/07/learning/whats-going-on-in-this-graph-march-13-2024.html,#commentsContainer,https://www.nytimes.com/2024/03/07/learning/whats-going-on-in-this-graph-march-13-2024.html#commentsContainer,,,,,,,,,
40,178,"Feb. 27, 2024",Diet and Groundwater,178.json,178.png,https://www.nytimes.com/2024/02/27/learning/whats-going-on-in-this-graph-march-6-2024.html,#commentsContainer,https://www.nytimes.com/2024/02/27/learning/whats-going-on-in-this-graph-march-6-2024.html#commentsContainer,,,,,,,,,
41,177,"Feb. 15, 2024",Attempted Crossings at the U.S. Southern Border,177.json,177.png,https://www.nytimes.com/2024/02/15/learning/whats-going-on-in-this-graph-feb-28-2024.html,#commentsContainer,https://www.nytimes.com/2024/02/15/learning/whats-going-on-in-this-graph-feb-28-2024.html#commentsContainer,,,,,,,,,
42,176,"Feb. 8, 2024",Brides’ Last Names,176.json,176.png,https://www.nytimes.com/2024/02/08/learning/whats-going-on-in-this-graph-feb-14-2024.html,#commentsContainer,https://www.nytimes.com/2024/02/08/learning/whats-going-on-in-this-graph-feb-14-2024.html#commentsContainer,,,,,,,,,
43,175,"Feb. 1, 2024",2023 Global Temperatures,175.json,175.png,https://www.nytimes.com/2024/02/01/learning/whats-going-on-in-this-graph-feb-7-2024.html,#commentsContainer,https://www.nytimes.com/2024/02/01/learning/whats-going-on-in-this-graph-feb-7-2024.html#commentsContainer,,,,,,,,,
44,174,"Jan. 31, 2024",Teach About Climate Change with 30 Graphs,174.json,174.png,https://www.nytimes.com/2024/01/31/learning/lesson-plans/teach-about-climate-change-with-30-graphs-from-the-new-york-times.html,#commentsContainer,https://www.nytimes.com/2024/01/31/learning/lesson-plans/teach-about-climate-change-with-30-graphs-from-the-new-york-times.html#commentsContainer,,,,,,,,,
45,173,"Jan. 25, 2024",College Admissions,173.json,173.png,https://www.nytimes.com/2024/01/25/learning/whats-going-on-in-this-graph-jan-31-2024.html,#commentsContainer,https://www.nytimes.com/2024/01/25/learning/whats-going-on-in-this-graph-jan-31-2024.html#commentsContainer,,,,,,,,,
46,172,"Jan. 11, 2024",Regulating Inventions,172.json,172.png,https://www.nytimes.com/2024/01/11/learning/whats-going-on-in-this-graph-jan-24-2024.html,#commentsContainer,https://www.nytimes.com/2024/01/11/learning/whats-going-on-in-this-graph-jan-24-2024.html#commentsContainer,,,,,,,,,
47,171,"Jan. 3, 2024",Local News Outlets,171.json,171.png,https://www.nytimes.com/2024/01/03/learning/whats-going-on-in-this-graph-jan-10-2024.html,#commentsContainer,https://www.nytimes.com/2024/01/03/learning/whats-going-on-in-this-graph-jan-10-2024.html#commentsContainer,,,,,,,,,
48,170,"Dec. 7, 2023",Santa’s Wages,170.json,170.png,https://www.nytimes.com/2023/12/07/learning/whats-going-on-in-this-graph-dec-13-2023.html,#commentsContainer,https://www.nytimes.com/2023/12/07/learning/whats-going-on-in-this-graph-dec-13-2023.html#commentsContainer,,,,,,,,,
49,169,"Nov. 30, 2023",Teens and Social Media,169.json,169.png,https://www.nytimes.com/2023/11/30/learning/whats-going-on-in-this-graph-dec-6-2023.html,#commentsContainer,https://www.nytimes.com/2023/11/30/learning/whats-going-on-in-this-graph-dec-6-2023.html#commentsContainer,,,,,,,,,
50,168,"Nov. 16, 2023",Colorado River,168.json,168.png,https://www.nytimes.com/2023/11/16/learning/whats-going-on-in-this-graph-nov-29-2023.html,#commentsContainer,https://www.nytimes.com/2023/11/16/learning/whats-going-on-in-this-graph-nov-29-2023.html#commentsContainer,,,,,,,,,
51,167,"Nov. 9, 2023",Global Population Growth and Decline,167.json,167.png,https://www.nytimes.com/2023/11/09/learning/whats-going-on-in-this-graph-nov-15-2023.html,#commentsContainer,https://www.nytimes.com/2023/11/09/learning/whats-going-on-in-this-graph-nov-15-2023.html#commentsContainer,,,,,,,,,
52,166,"Oct. 26, 2023",College Priorities,166.json,166.png,https://www.nytimes.com/2023/10/26/learning/whats-going-on-in-this-graph-nov-8-2023.html,#commentsContainer,https://www.nytimes.com/2023/10/26/learning/whats-going-on-in-this-graph-nov-8-2023.html#commentsContainer,,,,,,,,,
53,165,"Oct. 19, 2023",Electric Cars,165.json,165.png,https://www.nytimes.com/2023/10/19/learning/whats-going-on-in-this-graph-oct-25-2023.html,#commentsContainer,https://www.nytimes.com/2023/10/19/learning/whats-going-on-in-this-graph-oct-25-2023.html#commentsContainer,,,,,,,,,
54,164,"Oct. 5, 2023",‘Spelling Bee’,164.json,164.png,https://www.nytimes.com/2023/10/05/learning/whats-going-on-in-this-graph-oct-18-2023.html,#commentsContainer,https://www.nytimes.com/2023/10/05/learning/whats-going-on-in-this-graph-oct-18-2023.html#commentsContainer,,,,,,,,,
55,163,"Sept. 21, 2023",Football and C.T.E.,163.json,163.png,https://www.nytimes.com/2023/09/21/learning/whats-going-on-in-this-graph-oct-4-2023.html,#commentsContainer,https://www.nytimes.com/2023/09/21/learning/whats-going-on-in-this-graph-oct-4-2023.html#commentsContainer,,,,,,,,,
56,162,"Sept. 14, 2023",Global Demographics,162.json,162.png,https://www.nytimes.com/2023/09/14/learning/whats-going-on-in-this-graph-sept-20-2023.html,#commentsContainer,https://www.nytimes.com/2023/09/14/learning/whats-going-on-in-this-graph-sept-20-2023.html#commentsContainer,,,,,,,,,
57,161,"Sept. 7, 2023",Global Record Temperatures,161.json,161.png,https://www.nytimes.com/2023/09/07/learning/whats-going-on-in-this-graph-sept-13-2023.html,#commentsContainer,https://www.nytimes.com/2023/09/07/learning/whats-going-on-in-this-graph-sept-13-2023.html#commentsContainer,,,,,,,,,
58,160,"July 26, 2023",Graphs From Sept. 2020 — May 2023,160.json,160.png,https://www.nytimes.com/slideshow/2023/07/26/learning/graphs-charts-and-maps-from-whats-going-on-in-this-graph-sept-2020-may-2023.html,#commentsContainer,https://www.nytimes.com/slideshow/2023/07/26/learning/graphs-charts-and-maps-from-whats-going-on-in-this-graph-sept-2020-may-2023.html#commentsContainer,,,,,,,,,
59,159,"April 27, 2023",Baseball Game Length,159.json,159.png,https://www.nytimes.com/2023/04/27/learning/whats-going-on-in-this-graph-may-3-2023.html,#commentsContainer,https://www.nytimes.com/2023/04/27/learning/whats-going-on-in-this-graph-may-3-2023.html#commentsContainer,,,,,,,,,
60,158,"April 20, 2023",Sex Education,158.json,158.png,https://www.nytimes.com/2023/04/20/learning/whats-going-on-in-this-graph-april-24-2023.html,#commentsContainer,https://www.nytimes.com/2023/04/20/learning/whats-going-on-in-this-graph-april-24-2023.html#commentsContainer,,,,,,,,,
61,157,"April 6, 2023",March Madness Bracket,157.json,157.png,https://www.nytimes.com/2023/04/06/learning/whats-going-on-in-this-graph-april-19-2023.html,#commentsContainer,https://www.nytimes.com/2023/04/06/learning/whats-going-on-in-this-graph-april-19-2023.html#commentsContainer,,,,,,,,,
62,156,"March 30, 2023",Price of Eggs,156.json,156.png,https://www.nytimes.com/2023/03/30/learning/whats-going-on-in-this-graph-april-5-2023.html,#commentsContainer,https://www.nytimes.com/2023/03/30/learning/whats-going-on-in-this-graph-april-5-2023.html#commentsContainer,,,,,,,,,
63,155,"March 16, 2023",The Anthropocene,155.json,155.png,https://www.nytimes.com/2023/03/16/learning/whats-going-on-in-this-graph-march-29-2023.html,#commentsContainer,https://www.nytimes.com/2023/03/16/learning/whats-going-on-in-this-graph-march-29-2023.html#commentsContainer,,,,,,,,,
64,154,"March 9, 2023",Words Used,154.json,154.png,https://www.nytimes.com/2023/03/09/learning/whats-going-on-in-this-graph-march-15-2023.html,#commentsContainer,https://www.nytimes.com/2023/03/09/learning/whats-going-on-in-this-graph-march-15-2023.html#commentsContainer,,,,,,,,,
65,153,"March 2, 2023",Train Derailments,153.json,153.png,https://www.nytimes.com/2023/03/02/learning/whats-going-on-in-this-graph-march-8-2023.html,#commentsContainer,https://www.nytimes.com/2023/03/02/learning/whats-going-on-in-this-graph-march-8-2023.html#commentsContainer,,,,,,,,,
66,152,"Feb. 16, 2023",Earthquakes,152.json,152.png,https://www.nytimes.com/2023/02/16/learning/whats-going-on-in-this-graph-march-1-2023.html,#commentsContainer,https://www.nytimes.com/2023/02/16/learning/whats-going-on-in-this-graph-march-1-2023.html#commentsContainer,,,,,,,,,
67,151,"Feb. 9, 2023",LeBron James,151.json,151.png,https://www.nytimes.com/2023/02/09/learning/whats-going-on-in-this-graph-feb-15-2023.html,#commentsContainer,https://www.nytimes.com/2023/02/09/learning/whats-going-on-in-this-graph-feb-15-2023.html#commentsContainer,,,,,,,,,
68,150,"Feb. 2, 2023",Social Connections,150.json,150.png,https://www.nytimes.com/2023/02/02/learning/whats-going-on-in-this-graph-feb-8-2023.html,#commentsContainer,https://www.nytimes.com/2023/02/02/learning/whats-going-on-in-this-graph-feb-8-2023.html#commentsContainer,,,,,,,,,
69,149,"Jan. 26, 2023",Global Temperature Change,149.json,149.png,https://www.nytimes.com/2023/01/26/learning/whats-going-on-in-this-graph-feb-1-2023.html,#commentsContainer,https://www.nytimes.com/2023/01/26/learning/whats-going-on-in-this-graph-feb-1-2023.html#commentsContainer,,,,,,,,,
70,148,"Jan. 12, 2023",Online College,148.json,148.png,https://www.nytimes.com/2023/01/12/learning/whats-going-on-in-this-graph-jan-18-2023.html,#commentsContainer,https://www.nytimes.com/2023/01/12/learning/whats-going-on-in-this-graph-jan-18-2023.html#commentsContainer,,,,,,,,,
71,147,"Jan. 5, 2023",“Tripledemic”,147.json,147.png,https://www.nytimes.com/2023/01/05/learning/whats-going-on-in-this-graph-jan-11-2023.html,#commentsContainer,https://www.nytimes.com/2023/01/05/learning/whats-going-on-in-this-graph-jan-11-2023.html#commentsContainer,,,,,,,,,
72,146,"Dec. 7, 2022",U.S. Temperature Trends,146.json,146.png,https://www.nytimes.com/2022/12/07/learning/whats-going-on-in-this-graph-dec-14-2022.html,#commentsContainer,https://www.nytimes.com/2022/12/07/learning/whats-going-on-in-this-graph-dec-14-2022.html#commentsContainer,,,,,,,,,
73,145,"Dec. 1, 2022",Russian Trade,145.json,145.png,https://www.nytimes.com/2022/12/01/learning/whats-going-on-in-this-graph-dec-7-2022.html,#commentsContainer,https://www.nytimes.com/2022/12/01/learning/whats-going-on-in-this-graph-dec-7-2022.html#commentsContainer,,,,,,,,,
74,144,"Nov. 17, 2022",U.S. Life Expectancy,144.json,144.png,https://www.nytimes.com/2022/11/17/learning/whats-going-on-in-this-graph-nov-30-2022.html,#commentsContainer,https://www.nytimes.com/2022/11/17/learning/whats-going-on-in-this-graph-nov-30-2022.html#commentsContainer,,,,,,,,,
75,143,"Nov. 10, 2022",Paying College Athletes,143.json,143.png,https://www.nytimes.com/2022/11/10/learning/whats-going-on-in-this-graph-nov-16-2022.html,#commentsContainer,https://www.nytimes.com/2022/11/10/learning/whats-going-on-in-this-graph-nov-16-2022.html#commentsContainer,,,,,,,,,
76,142,"Oct. 27, 2022",Senate Representation by State,142.json,142.png,https://www.nytimes.com/2022/10/27/learning/whats-going-on-in-this-graph-nov-9-2022.html,#commentsContainer,https://www.nytimes.com/2022/10/27/learning/whats-going-on-in-this-graph-nov-9-2022.html#commentsContainer,,,,,,,,,
77,141,"Oct. 20, 2022",Immigrant Economic Mobility,141.json,141.png,https://www.nytimes.com/2022/10/20/learning/whats-going-on-in-this-graph-oct-26-2022.html,#commentsContainer,https://www.nytimes.com/2022/10/20/learning/whats-going-on-in-this-graph-oct-26-2022.html#commentsContainer,,,,,,,,,
78,140,"Oct. 6, 2022",U.S. Immigrants by Country,140.json,140.png,https://www.nytimes.com/2022/10/06/learning/whats-going-on-in-this-graph-oct-19-2022.html,#commentsContainer,https://www.nytimes.com/2022/10/06/learning/whats-going-on-in-this-graph-oct-19-2022.html#commentsContainer,,,,,,,,,
79,139,"Sept. 29, 2022",Calling for Climate Action,139.json,139.png,https://www.nytimes.com/2022/09/29/learning/whats-going-on-in-this-graph-oct-5-2022.html,#commentsContainer,https://www.nytimes.com/2022/09/29/learning/whats-going-on-in-this-graph-oct-5-2022.html#commentsContainer,,,,,,,,,
80,138,"Sept. 22, 2022",Americans Moving,138.json,138.png,https://www.nytimes.com/2022/09/22/learning/whats-going-on-in-this-graph-sept-28-2022.html,#commentsContainer,https://www.nytimes.com/2022/09/22/learning/whats-going-on-in-this-graph-sept-28-2022.html#commentsContainer,,,,,,,,,
81,137,"Sept. 15, 2022",Tree Rings and Climate,137.json,137.png,https://www.nytimes.com/2022/09/15/learning/whats-going-on-in-this-graph-sept-21-2022.html,#commentsContainer,https://www.nytimes.com/2022/09/15/learning/whats-going-on-in-this-graph-sept-21-2022.html#commentsContainer,,,,,,,,,
82,136,"Sept. 8, 2022",Serena Williams’s Record and Legacy,136.json,136.png,https://www.nytimes.com/2022/09/08/learning/whats-going-on-in-this-graph-sept-14-2022.html,#commentsContainer,https://www.nytimes.com/2022/09/08/learning/whats-going-on-in-this-graph-sept-14-2022.html#commentsContainer,,,,,,,,,
83,135,"May 5, 2022",Teen Behaviors,135.json,135.png,https://www.nytimes.com/2022/05/05/learning/whats-going-on-in-this-graph-may-11-2022.html,#commentsContainer,https://www.nytimes.com/2022/05/05/learning/whats-going-on-in-this-graph-may-11-2022.html#commentsContainer,,,,,,,,,
84,134,"April 28, 2022",Hotter Summers,134.json,134.png,https://www.nytimes.com/2022/04/28/learning/whats-going-on-in-this-graph-may-4-2022.html,#commentsContainer,https://www.nytimes.com/2022/04/28/learning/whats-going-on-in-this-graph-may-4-2022.html#commentsContainer,,,,,,,,,
85,133,"April 21, 2022",Free Speech,133.json,133.png,https://www.nytimes.com/2022/04/21/learning/whats-going-on-in-this-graph-april-27-2022.html,#commentsContainer,https://www.nytimes.com/2022/04/21/learning/whats-going-on-in-this-graph-april-27-2022.html#commentsContainer,,,,,,,,,
86,132,"April 14, 2022",U.S. Population Dynamics,132.json,132.png,https://www.nytimes.com/2022/04/14/learning/whats-going-on-in-this-graph-april-20-2022.html,#commentsContainer,https://www.nytimes.com/2022/04/14/learning/whats-going-on-in-this-graph-april-20-2022.html#commentsContainer,,,,,,,,,
87,131,"April 7, 2022",Pandemic Stimulus,131.json,131.png,https://www.nytimes.com/2022/04/07/learning/whats-going-on-in-this-graph-april-13-2022.html,#commentsContainer,https://www.nytimes.com/2022/04/07/learning/whats-going-on-in-this-graph-april-13-2022.html#commentsContainer,,,,,,,,,
88,130,"March 31, 2022",Endangered Biodiversity,130.json,130.png,https://www.nytimes.com/2022/03/31/learning/whats-going-on-in-this-graph-april-6-2022.html,#commentsContainer,https://www.nytimes.com/2022/03/31/learning/whats-going-on-in-this-graph-april-6-2022.html#commentsContainer,,,,,,,,,
89,129,"March 24, 2022",Inflation in Words,129.json,129.png,https://www.nytimes.com/2022/03/24/learning/whats-going-on-in-this-graph-march-30-2022.html,#commentsContainer,https://www.nytimes.com/2022/03/24/learning/whats-going-on-in-this-graph-march-30-2022.html#commentsContainer,,,,,,,,,
90,128,"March 17, 2022",Refugees From Ukraine,128.json,128.png,https://www.nytimes.com/2022/03/17/learning/whats-going-on-in-this-graph-march-23-2022.html,#commentsContainer,https://www.nytimes.com/2022/03/17/learning/whats-going-on-in-this-graph-march-23-2022.html#commentsContainer,,,,,,,,,
91,127,"March 10, 2022",Extreme Temperatures,127.json,127.png,https://www.nytimes.com/2022/03/10/learning/whats-going-on-in-this-graph-march-16-2022.html,#commentsContainer,https://www.nytimes.com/2022/03/10/learning/whats-going-on-in-this-graph-march-16-2022.html#commentsContainer,,,,,,,,,
92,126,"March 3, 2022",Global Success Factors,126.json,126.png,https://www.nytimes.com/2022/03/03/learning/whats-going-on-in-this-graph-march-9-2022.html,#commentsContainer,https://www.nytimes.com/2022/03/03/learning/whats-going-on-in-this-graph-march-9-2022.html#commentsContainer,,,,,,,,,
93,125,"Feb. 24, 2022",Olympics Medal Count,125.json,125.png,https://www.nytimes.com/2022/02/24/learning/whats-going-on-in-this-graph-march-2-2022.html,#commentsContainer,https://www.nytimes.com/2022/02/24/learning/whats-going-on-in-this-graph-march-2-2022.html#commentsContainer,,,,,,,,,
94,124,"Feb. 10, 2022",Weddings,124.json,124.png,https://www.nytimes.com/2022/02/10/learning/whats-going-on-in-this-graph-feb-16-2022.html,#commentsContainer,https://www.nytimes.com/2022/02/10/learning/whats-going-on-in-this-graph-feb-16-2022.html#commentsContainer,,,,,,,,,
95,123,"Feb. 3, 2022",International Optimism,123.json,123.png,https://www.nytimes.com/2022/02/03/learning/whats-going-on-in-this-graph-feb-9-2022.html,#commentsContainer,https://www.nytimes.com/2022/02/03/learning/whats-going-on-in-this-graph-feb-9-2022.html#commentsContainer,,,,,,,,,
96,122,"Jan. 27, 2022",Clean Energy Metals,122.json,122.png,https://www.nytimes.com/2022/01/27/learning/whats-going-on-in-this-graph-feb-2-2022.html,#commentsContainer,https://www.nytimes.com/2022/01/27/learning/whats-going-on-in-this-graph-feb-2-2022.html#commentsContainer,,,,,,,,,
97,121,"Jan. 20, 2022",U.S. Asian Population,121.json,121.png,https://www.nytimes.com/2022/01/20/learning/whats-going-on-in-this-graph-jan-26-2022.html,#commentsContainer,https://www.nytimes.com/2022/01/20/learning/whats-going-on-in-this-graph-jan-26-2022.html#commentsContainer,,,,,,,,,
98,120,"Jan. 13, 2022",U.S. Population Diversity Shift,120.json,120.png,https://www.nytimes.com/2022/01/13/learning/whats-going-on-in-this-graph-jan-19-2022.html,#commentsContainer,https://www.nytimes.com/2022/01/13/learning/whats-going-on-in-this-graph-jan-19-2022.html#commentsContainer,,,,,,,,,
99,119,"Jan. 6, 2022",Vaccination by Country,119.json,119.png,https://www.nytimes.com/2022/01/06/learning/whats-going-on-in-this-graph-jan-12-2022.html,#commentsContainer,https://www.nytimes.com/2022/01/06/learning/whats-going-on-in-this-graph-jan-12-2022.html#commentsContainer,,,,,,,,,
100,118,"Dec. 9, 2021",College Essays,118.json,118.png,https://www.nytimes.com/2021/12/09/learning/whats-going-on-in-this-graph-jan-5-2022.html,#commentsContainer,https://www.nytimes.com/2021/12/09/learning/whats-going-on-in-this-graph-jan-5-2022.html#commentsContainer,,,,,,,,,
101,117,"Dec. 2, 2021",Drawing Voting Maps,117.json,117.png,https://www.nytimes.com/2021/12/02/learning/whats-going-on-in-this-graph-dec-8-2021.html,#commentsContainer,https://www.nytimes.com/2021/12/02/learning/whats-going-on-in-this-graph-dec-8-2021.html#commentsContainer,,,,,,,,,
102,116,"Nov. 18, 2021",Global Carbon Emissions,116.json,116.png,https://www.nytimes.com/2021/11/18/learning/whats-going-on-in-this-graph-dec-1-2021.html,#commentsContainer,https://www.nytimes.com/2021/11/18/learning/whats-going-on-in-this-graph-dec-1-2021.html#commentsContainer,,,,,,,,,
103,115,"Nov. 11, 2021",Supply Chain Delays,115.json,115.png,https://www.nytimes.com/2021/11/11/learning/whats-going-on-in-this-graph-nov-17-2021.html,#commentsContainer,https://www.nytimes.com/2021/11/11/learning/whats-going-on-in-this-graph-nov-17-2021.html#commentsContainer,,,,,,,,,
104,114,"Nov. 4, 2021",Solving Gun Murders,114.json,114.png,https://www.nytimes.com/2021/11/04/learning/whats-going-on-in-this-graph-nov-10-2021.html,#commentsContainer,https://www.nytimes.com/2021/11/04/learning/whats-going-on-in-this-graph-nov-10-2021.html#commentsContainer,,,,,,,,,
105,113,"Oct. 28, 2021",Wind & Solar Power,113.json,113.png,https://www.nytimes.com/2021/10/28/learning/whats-going-on-in-this-graph-nov-3-2021.html,#commentsContainer,https://www.nytimes.com/2021/10/28/learning/whats-going-on-in-this-graph-nov-3-2021.html#commentsContainer,,,,,,,,,
106,112,"Oct. 21, 2021",2020 Census Redistricting,112.json,112.png,https://www.nytimes.com/2021/10/21/learning/whats-going-on-in-this-graph-oct-27-2021.html,#commentsContainer,https://www.nytimes.com/2021/10/21/learning/whats-going-on-in-this-graph-oct-27-2021.html#commentsContainer,,,,,,,,,
107,111,"Oct. 14, 2021",Pandemic Price Changes,111.json,111.png,https://www.nytimes.com/2021/10/14/learning/whats-going-on-in-this-graph-oct-20-2021.html,#commentsContainer,https://www.nytimes.com/2021/10/14/learning/whats-going-on-in-this-graph-oct-20-2021.html#commentsContainer,,,,,,,,,
108,110,"Oct. 7, 2021",SNAP ‘Thrifty Food Plan’,110.json,110.png,https://www.nytimes.com/2021/10/07/learning/whats-going-on-in-this-graph-oct-13-2021.html,#commentsContainer,https://www.nytimes.com/2021/10/07/learning/whats-going-on-in-this-graph-oct-13-2021.html#commentsContainer,,,,,,,,,
109,109,"Sept. 30, 2021",Olympic Gymnastics Routine,109.json,109.png,https://www.nytimes.com/2021/09/30/learning/whats-going-on-in-this-graph-oct-6-2021.html,#commentsContainer,https://www.nytimes.com/2021/09/30/learning/whats-going-on-in-this-graph-oct-6-2021.html#commentsContainer,,,,,,,,,
110,108,"Sept. 23, 2021",Covid Hospitalizations,108.json,108.png,https://www.nytimes.com/2021/09/23/learning/whats-going-on-in-this-graph-sept-29-2021.html,#commentsContainer,https://www.nytimes.com/2021/09/23/learning/whats-going-on-in-this-graph-sept-29-2021.html#commentsContainer,,,,,,,,,
111,107,"Sept. 16, 2021",New Normal U.S. Precipitation,107.json,107.png,https://www.nytimes.com/2021/09/16/learning/whats-going-on-in-this-graph-new-normal-us-precipitation.html,#commentsContainer,https://www.nytimes.com/2021/09/16/learning/whats-going-on-in-this-graph-new-normal-us-precipitation.html#commentsContainer,,,,,,,,,
112,106,"Sept. 9, 2021","Sept. 15, 2021 (Free Time)",106.json,106.png,https://www.nytimes.com/2021/09/09/learning/whats-going-on-in-this-graph-sept-15-2021.html,#commentsContainer,https://www.nytimes.com/2021/09/09/learning/whats-going-on-in-this-graph-sept-15-2021.html#commentsContainer,,,,,,,has like 1k comments,,
113,105,"May 11, 2021",Teach About Inequality with 28 Graphs,105.json,105.png,https://www.nytimes.com/2021/05/11/learning/lesson-plans/teach-about-inequality-with-these-28-new-york-times-graphs.html,#commentsContainer,https://www.nytimes.com/2021/05/11/learning/lesson-plans/teach-about-inequality-with-these-28-new-york-times-graphs.html#commentsContainer,,,,,,,,,
114,104,"May 6, 2021",President Biden’s Economic Plan,104.json,104.png,https://www.nytimes.com/2021/05/06/learning/whats-going-on-in-this-graph-may-12-2021.html,#commentsContainer,https://www.nytimes.com/2021/05/06/learning/whats-going-on-in-this-graph-may-12-2021.html#commentsContainer,,,,,,,,,
115,103,"April 29, 2021",Covid in Prisons,103.json,103.png,https://www.nytimes.com/2021/04/29/learning/whats-going-on-in-this-graph-may-5-2021.html,#commentsContainer,https://www.nytimes.com/2021/04/29/learning/whats-going-on-in-this-graph-may-5-2021.html#commentsContainer,,,,,,,,,
116,102,"April 22, 2021",Post-Pandemic Jobs,102.json,102.png,https://www.nytimes.com/2021/04/22/learning/whats-going-on-in-this-graph-post-pandemic-jobs.html,#commentsContainer,https://www.nytimes.com/2021/04/22/learning/whats-going-on-in-this-graph-post-pandemic-jobs.html#commentsContainer,,,,,,,,,
117,101,"April 15, 2021",Gas-to-Electric Vehicle Turnover,101.json,101.png,https://www.nytimes.com/2021/04/15/learning/whats-going-on-in-this-graph-gas-to-electric-vehicle-turnover.html,#commentsContainer,https://www.nytimes.com/2021/04/15/learning/whats-going-on-in-this-graph-gas-to-electric-vehicle-turnover.html#commentsContainer,,,,,,,,,
118,100,"April 8, 2021",Global Life Expectancy & Health Expenditures,100.json,100.png,https://www.nytimes.com/2021/04/08/learning/whats-going-on-in-this-graph-global-life-expectancy-health-expenditures.html,#commentsContainer,https://www.nytimes.com/2021/04/08/learning/whats-going-on-in-this-graph-global-life-expectancy-health-expenditures.html#commentsContainer,,,,,,,,,
119,99,"April 1, 2021",Growing Zones,99.json,99.png,https://www.nytimes.com/2021/04/01/learning/whats-going-on-in-this-graph-growing-zones.html,#commentsContainer,https://www.nytimes.com/2021/04/01/learning/whats-going-on-in-this-graph-growing-zones.html#commentsContainer,,,,,,,,,
120,98,"March 25, 2021",Global Climate Risks,98.json,98.png,https://www.nytimes.com/2021/03/25/learning/whats-going-on-in-this-graph-global-climate-risks.html,#commentsContainer,https://www.nytimes.com/2021/03/25/learning/whats-going-on-in-this-graph-global-climate-risks.html#commentsContainer,,,,,,,,,
121,97,"March 18, 2021",Vaccination Roadblocks,97.json,97.png,https://www.nytimes.com/2021/03/18/learning/whats-going-on-in-this-graph-vaccination-roadblocks.html,#commentsContainer,https://www.nytimes.com/2021/03/18/learning/whats-going-on-in-this-graph-vaccination-roadblocks.html#commentsContainer,,,,,,,,,
122,96,"March 11, 2021",Recent U.S. Development,96.json,96.png,https://www.nytimes.com/2021/03/11/learning/whats-going-on-in-this-graph-recent-us-development.html,#commentsContainer,https://www.nytimes.com/2021/03/11/learning/whats-going-on-in-this-graph-recent-us-development.html#commentsContainer,,,,,,,,,
123,95,"March 4, 2021",Covid Herd Immunity,95.json,95.png,https://www.nytimes.com/2021/03/04/learning/whats-going-on-in-this-graph-covid-herd-immunity.html,#commentsContainer,https://www.nytimes.com/2021/03/04/learning/whats-going-on-in-this-graph-covid-herd-immunity.html#commentsContainer,,,,,,,,,
124,94,"Feb. 25, 2021",Smoking & Income,94.json,94.png,https://www.nytimes.com/2021/02/25/learning/whats-going-on-in-this-graph-smoking-income.html,#commentsContainer,https://www.nytimes.com/2021/02/25/learning/whats-going-on-in-this-graph-smoking-income.html#commentsContainer,,,,,,,,,
125,93,"Feb. 11, 2021",World Cities’ Air Pollution,93.json,93.png,https://www.nytimes.com/2021/02/11/learning/whats-going-on-in-this-graph-world-cities-air-pollution.html,#commentsContainer,https://www.nytimes.com/2021/02/11/learning/whats-going-on-in-this-graph-world-cities-air-pollution.html#commentsContainer,,,,,,,,,
126,92,"Feb. 4, 2021",U.S. Air Pollution,92.json,92.png,https://www.nytimes.com/2021/02/04/learning/whats-going-on-in-this-graph-us-air-pollution.html,#commentsContainer,https://www.nytimes.com/2021/02/04/learning/whats-going-on-in-this-graph-us-air-pollution.html#commentsContainer,,,,,,,,,
127,91,"Jan. 28, 2021",Diversity in Professional Sports,91.json,91.png,https://www.nytimes.com/2021/01/28/learning/whats-going-on-in-this-graph-diversity-in-professional-sports.html,#commentsContainer,https://www.nytimes.com/2021/01/28/learning/whats-going-on-in-this-graph-diversity-in-professional-sports.html#commentsContainer,,,,,,,,,
128,90,"Jan. 21, 2021",Climate Friendly Cars,90.json,90.png,https://www.nytimes.com/2021/01/21/learning/whats-going-on-in-this-graph-climate-friendly-cars.html,#commentsContainer,https://www.nytimes.com/2021/01/21/learning/whats-going-on-in-this-graph-climate-friendly-cars.html#commentsContainer,,,,,,,,,
129,89,"Jan. 14, 2021",Mortality by Race,89.json,89.png,https://www.nytimes.com/2021/01/14/learning/whats-going-on-in-this-graph-mortality-by-race.html,#commentsContainer,https://www.nytimes.com/2021/01/14/learning/whats-going-on-in-this-graph-mortality-by-race.html#commentsContainer,,,,,,,,,
130,88,"Jan. 7, 2021",Voting Shifts,88.json,88.png,https://www.nytimes.com/2021/01/07/learning/whats-going-on-in-this-graph-voting-shifts.html,#commentsContainer,https://www.nytimes.com/2021/01/07/learning/whats-going-on-in-this-graph-voting-shifts.html#commentsContainer,,,,,,,,,
131,87,"Dec. 28, 2020",First Vaccinated,87.json,87.png,https://www.nytimes.com/2020/12/28/learning/whats-going-on-in-this-graph-first-vaccinated.html,#commentsContainer,https://www.nytimes.com/2020/12/28/learning/whats-going-on-in-this-graph-first-vaccinated.html#commentsContainer,,,,,,,,,
132,86,"Dec. 10, 2020",Instant Mastery,86.json,86.png,https://www.nytimes.com/2020/12/10/learning/whats-going-on-in-this-graph-instant-mastery.html,#commentsContainer,https://www.nytimes.com/2020/12/10/learning/whats-going-on-in-this-graph-instant-mastery.html#commentsContainer,,,,,,,,,
133,85,"Dec. 3, 2020",U.S. Well-Being Compared Internationally,85.json,85.png,https://www.nytimes.com/2020/12/03/learning/whats-going-on-in-this-graph-us-well-being-compared-internationally.html,#commentsContainer,https://www.nytimes.com/2020/12/03/learning/whats-going-on-in-this-graph-us-well-being-compared-internationally.html#commentsContainer,,,,,,,,,
134,84,"Nov. 19, 2020",2020 Presidential Election Maps,84.json,84.png,https://www.nytimes.com/2020/11/19/learning/whats-going-on-in-this-graph-2020-presidential-election-maps.html,#commentsContainer,https://www.nytimes.com/2020/11/19/learning/whats-going-on-in-this-graph-2020-presidential-election-maps.html#commentsContainer,,,,,,,,,
135,83,"Nov. 12, 2020",Thanksgiving Side Dishes,83.json,83.png,https://www.nytimes.com/2020/11/12/learning/whats-going-on-in-this-graph-thanksgiving-side-dishes.html,#commentsContainer,https://www.nytimes.com/2020/11/12/learning/whats-going-on-in-this-graph-thanksgiving-side-dishes.html#commentsContainer,,,,,,,,,
136,82,"Oct. 29, 2020",Unemployment During the Pandemic,82.json,82.png,https://www.nytimes.com/2020/10/29/learning/whats-going-on-in-this-graph-unemployment-during-the-pandemic.html,#commentsContainer,https://www.nytimes.com/2020/10/29/learning/whats-going-on-in-this-graph-unemployment-during-the-pandemic.html#commentsContainer,,,,,,,,,
137,81,"Oct. 22, 2020",World Leader Ages,81.json,81.png,https://www.nytimes.com/2020/10/22/learning/whats-going-on-in-this-graph-world-leader-ages.html,#commentsContainer,https://www.nytimes.com/2020/10/22/learning/whats-going-on-in-this-graph-world-leader-ages.html#commentsContainer,,,,,,,,,
138,80,"Oct. 15, 2020",Climate Threats,80.json,80.png,https://www.nytimes.com/2020/10/15/learning/whats-going-on-in-this-graph-climate-threats.html,#commentsContainer,https://www.nytimes.com/2020/10/15/learning/whats-going-on-in-this-graph-climate-threats.html#commentsContainer,,,,,,,,,interactive
139,79,"Oct. 8, 2020",Consumer Spending During the Pandemic,79.json,79.png,https://www.nytimes.com/2020/10/08/learning/whats-going-on-in-this-graph-consumer-spending-during-the-pandemic.html,#commentsContainer,https://www.nytimes.com/2020/10/08/learning/whats-going-on-in-this-graph-consumer-spending-during-the-pandemic.html#commentsContainer,,,,,,,,,
140,78,"Oct. 1, 2020",2020 U.S. Census,78.json,78.png,https://www.nytimes.com/2020/10/01/learning/whats-going-on-in-this-graph-2020-us-census.html,#commentsContainer,https://www.nytimes.com/2020/10/01/learning/whats-going-on-in-this-graph-2020-us-census.html#commentsContainer,,,,,,,,,
141,77,"Sept. 24, 2020",Essential Workers,77.json,77.png,https://www.nytimes.com/2020/09/24/learning/whats-going-on-in-this-graph-essential-workers.html,#commentsContainer,https://www.nytimes.com/2020/09/24/learning/whats-going-on-in-this-graph-essential-workers.html#commentsContainer,,,,,,,,,
142,76,"Sept. 17, 2020",Women Marathoners’ Running Times,76.json,76.png,https://www.nytimes.com/2020/09/17/learning/whats-going-on-in-this-graph-women-marathoners-running-times.html,#commentsContainer,https://www.nytimes.com/2020/09/17/learning/whats-going-on-in-this-graph-women-marathoners-running-times.html#commentsContainer,,,,,,,,,
143,75,"Sept. 10, 2020",Covid-19 Cases in America,75.json,75.png,https://www.nytimes.com/2020/09/10/learning/whats-going-on-in-this-graph-covid-19-cases-in-america.html,#commentsContainer,https://www.nytimes.com/2020/09/10/learning/whats-going-on-in-this-graph-covid-19-cases-in-america.html#commentsContainer,,,,,,,,,
144,74,"June 10, 2020",Over 60 Graphs for Students to Analyze,74.json,74.png,https://www.nytimes.com/2020/06/10/learning/over-60-new-york-times-graphs-for-students-to-analyze.html,#commentsContainer,https://www.nytimes.com/2020/06/10/learning/over-60-new-york-times-graphs-for-students-to-analyze.html#commentsContainer,,,,,,,,,overview
145,73,"June 10, 2020","Graphs From Three Years of ""WGOITG?""",73.json,73.png,https://www.nytimes.com/slideshow/2020/06/10/learning/graphs-charts-and-maps-from-three-years-of-whats-going-on-in-this-graph.html,#commentsContainer,https://www.nytimes.com/slideshow/2020/06/10/learning/graphs-charts-and-maps-from-three-years-of-whats-going-on-in-this-graph.html#commentsContainer,,,,,,,,,overview
146,72,"June 2, 2020",Webinar: Teaching With Graphs,72.json,72.png,https://www.nytimes.com/2020/06/02/learning/on-demand-webinar-teaching-with-graphs-from-the-new-york-times.html,#commentsContainer,https://www.nytimes.com/2020/06/02/learning/on-demand-webinar-teaching-with-graphs-from-the-new-york-times.html#commentsContainer,,,,,,,,,overview
147,71,"May 14, 2020",Easing Lockdowns,71.json,71.png,https://www.nytimes.com/2020/05/14/learning/whats-going-on-in-this-graph-easing-lockdowns.html,#commentsContainer,https://www.nytimes.com/2020/05/14/learning/whats-going-on-in-this-graph-easing-lockdowns.html#commentsContainer,,,,,,,,,interactive
148,70,"May 7, 2020",Estimated Time for Covid-19 Vaccine,70.json,70.png,https://www.nytimes.com/2020/05/07/learning/whats-going-on-in-this-graph-estimated-time-for-covid-19-vaccine.html,#commentsContainer,https://www.nytimes.com/2020/05/07/learning/whats-going-on-in-this-graph-estimated-time-for-covid-19-vaccine.html#commentsContainer,,,,,,,,,
149,69,"April 30, 2020",Immigration Shifts,69.json,69.png,https://www.nytimes.com/2020/04/30/learning/whats-going-on-in-this-graph-immigration-shifts.html,#commentsContainer,https://www.nytimes.com/2020/04/30/learning/whats-going-on-in-this-graph-immigration-shifts.html#commentsContainer,,,,,,,,,
150,68,"April 23, 2020",Global Temperature Change,68.json,68.png,https://www.nytimes.com/2020/04/23/learning/whats-going-on-in-this-graph-global-temperature-change.html,#commentsContainer,https://www.nytimes.com/2020/04/23/learning/whats-going-on-in-this-graph-global-temperature-change.html#commentsContainer,,,,,,,,,
151,67,"April 16, 2020",Pandemic Consumer Spending,67.json,67.png,https://www.nytimes.com/2020/04/16/learning/whats-going-on-in-this-graph-pandemic-consumer-spending.html,#commentsContainer,https://www.nytimes.com/2020/04/16/learning/whats-going-on-in-this-graph-pandemic-consumer-spending.html#commentsContainer,,,,,,,,,
152,66,"April 8, 2020",Pandemic Intervention Models,66.json,66.png,https://www.nytimes.com/2020/04/08/learning/whats-going-on-in-this-graph-pandemic-intervention-models.html,#commentsContainer,https://www.nytimes.com/2020/04/08/learning/whats-going-on-in-this-graph-pandemic-intervention-models.html#commentsContainer,,,,,,,,,
153,65,"April 2, 2020",Bus Ridership in Metropolitan Areas,65.json,65.png,https://www.nytimes.com/2020/04/02/learning/whats-going-on-in-this-graph-bus-ridership-in-metropolitan-areas.html,#commentsContainer,https://www.nytimes.com/2020/04/02/learning/whats-going-on-in-this-graph-bus-ridership-in-metropolitan-areas.html#commentsContainer,,,,,,,,,
154,64,"March 26, 2020",Coronavirus Protective Measures,64.json,64.png,https://www.nytimes.com/2020/03/26/learning/whats-going-on-in-this-graph-coronavirus-protective-measures.html,#commentsContainer,https://www.nytimes.com/2020/03/26/learning/whats-going-on-in-this-graph-coronavirus-protective-measures.html#commentsContainer,,,,,,,,,
155,63,"March 19, 2020",Flatten the Curve,63.json,63.png,https://www.nytimes.com/2020/03/19/learning/whats-going-on-in-this-graph-flatten-the-curve.html,#commentsContainer,https://www.nytimes.com/2020/03/19/learning/whats-going-on-in-this-graph-flatten-the-curve.html#commentsContainer,,,,,,,,,
156,62,"March 12, 2020",Mental Health of Teenagers,62.json,62.png,https://www.nytimes.com/2020/03/12/learning/whats-going-on-in-this-graph-mental-health-of-teenagers.html,#commentsContainer,https://www.nytimes.com/2020/03/12/learning/whats-going-on-in-this-graph-mental-health-of-teenagers.html#commentsContainer,,,,,,,,,
157,61,"March 5, 2020",War Headlines,61.json,61.png,https://www.nytimes.com/2020/03/05/learning/whats-going-on-in-this-graph-war-headlines.html,#commentsContainer,https://www.nytimes.com/2020/03/05/learning/whats-going-on-in-this-graph-war-headlines.html#commentsContainer,,,,,,,,,
158,60,"Feb. 27, 2020",Voters by Age Group,60.json,60.png,https://www.nytimes.com/2020/02/27/learning/whats-going-on-in-this-graph-voters-by-age-group.html,#commentsContainer,https://www.nytimes.com/2020/02/27/learning/whats-going-on-in-this-graph-voters-by-age-group.html#commentsContainer,,,,,,,,,
159,59,"Feb. 18, 2020",Coronavirus Outbreak,59.json,59.png,https://www.nytimes.com/2020/02/18/learning/whats-going-on-in-this-graph-coronavirus-outbreak.html,#commentsContainer,https://www.nytimes.com/2020/02/18/learning/whats-going-on-in-this-graph-coronavirus-outbreak.html#commentsContainer,,,,,,,,,
160,58,"Feb. 6, 2020",Engagement Ring Costs,58.json,58.png,https://www.nytimes.com/2020/02/06/learning/whats-going-on-in-this-graph-engagement-ring-costs.html,#commentsContainer,https://www.nytimes.com/2020/02/06/learning/whats-going-on-in-this-graph-engagement-ring-costs.html#commentsContainer,,,,,,,,,
161,57,"Jan. 30, 2020",Racial Diversity by Neighborhood,57.json,57.png,https://www.nytimes.com/2020/01/30/learning/whats-going-on-in-this-graph-racial-diversity-by-neighborhood.html,#commentsContainer,https://www.nytimes.com/2020/01/30/learning/whats-going-on-in-this-graph-racial-diversity-by-neighborhood.html#commentsContainer,,,,,,,,,
162,56,"Jan. 23, 2020",High-School Sports Injuries,56.json,56.png,https://www.nytimes.com/2020/01/23/learning/whats-going-on-in-this-graph-high-school-sports-injuries.html,#commentsContainer,https://www.nytimes.com/2020/01/23/learning/whats-going-on-in-this-graph-high-school-sports-injuries.html#commentsContainer,,,,,,,,,
163,55,"Jan. 16, 2020",Global Water Stress Levels,55.json,55.png,https://www.nytimes.com/2020/01/16/learning/whats-going-on-in-this-graph-global-water-stress-levels.html,#commentsContainer,https://www.nytimes.com/2020/01/16/learning/whats-going-on-in-this-graph-global-water-stress-levels.html#commentsContainer,,,,,,,,,
164,54,"Jan. 9, 2020",North American Bird Populations,54.json,54.png,https://www.nytimes.com/2020/01/09/learning/whats-going-on-in-this-graph-north-american-bird-populations.html,#commentsContainer,https://www.nytimes.com/2020/01/09/learning/whats-going-on-in-this-graph-north-american-bird-populations.html#commentsContainer,,,,,,,,,
165,53,"Jan. 2, 2020",Internet Privacy Policies,53.json,53.png,https://www.nytimes.com/2020/01/02/learning/whats-going-on-in-this-graph-internet-privacy-policies.html,#commentsContainer,https://www.nytimes.com/2020/01/02/learning/whats-going-on-in-this-graph-internet-privacy-policies.html#commentsContainer,,,,,,,,,
166,52,"Dec. 5, 2019","Dec. 11, 2019 (Food/Climate)",52.json,52.png,https://www.nytimes.com/2019/12/05/learning/whats-going-on-in-this-graph-dec-11-2019.html,#commentsContainer,https://www.nytimes.com/2019/12/05/learning/whats-going-on-in-this-graph-dec-11-2019.html#commentsContainer,,,,,,,,,
167,51,"Nov. 26, 2019","Dec. 4, 2019 (Undocumented Immigrants)",51.json,51.png,https://www.nytimes.com/2019/11/26/learning/whats-going-on-in-this-graph-dec-4-2019.html,#commentsContainer,https://www.nytimes.com/2019/11/26/learning/whats-going-on-in-this-graph-dec-4-2019.html#commentsContainer,,,,,,,,,
168,50,"Nov. 14, 2019","Nov. 20, 2019 (Greenhouse Gas)",50.json,50.png,https://www.nytimes.com/2019/11/14/learning/whats-going-on-in-this-graph-nov-20-2019.html,#commentsContainer,https://www.nytimes.com/2019/11/14/learning/whats-going-on-in-this-graph-nov-20-2019.html#commentsContainer,,,,,,,,,
169,49,"Nov. 7, 2019","Nov. 13, 2019 (Presidents)",49.json,49.png,https://www.nytimes.com/2019/11/07/learning/whats-going-on-in-this-graph-nov-13-2019.html,#commentsContainer,https://www.nytimes.com/2019/11/07/learning/whats-going-on-in-this-graph-nov-13-2019.html#commentsContainer,,,,,,,,,
170,48,"Oct. 31, 2019","Nov. 6, 2019 (Ride-Hailing)",48.json,48.png,https://www.nytimes.com/2019/10/31/learning/whats-going-on-in-this-graph-nov-6-2019.html,#commentsContainer,https://www.nytimes.com/2019/10/31/learning/whats-going-on-in-this-graph-nov-6-2019.html#commentsContainer,,,,,,,,,
171,47,"Oct. 24, 2019","Oct. 30, 2019 (Ticket Sales)",47.json,47.png,https://www.nytimes.com/2019/10/24/learning/whats-going-on-in-this-graph-oct-30-2019.html,#commentsContainer,https://www.nytimes.com/2019/10/24/learning/whats-going-on-in-this-graph-oct-30-2019.html#commentsContainer,,,,,,,,,
172,46,"Oct. 17, 2019","Oct. 23, 2019 (Shelter Animals)",46.json,46.png,https://www.nytimes.com/2019/10/17/learning/whats-going-on-in-this-graph-oct-23-2019.html,#commentsContainer,https://www.nytimes.com/2019/10/17/learning/whats-going-on-in-this-graph-oct-23-2019.html#commentsContainer,,,,,,,,,
173,45,"Oct. 10, 2019","Oct. 16, 2019 (Fast Food)",45.json,45.png,https://www.nytimes.com/2019/10/10/learning/whats-going-on-in-this-graph-oct-16-2019.html,#commentsContainer,https://www.nytimes.com/2019/10/10/learning/whats-going-on-in-this-graph-oct-16-2019.html#commentsContainer,,,,,,,,,
174,44,"Oct. 3, 2019",Oct. 9. 2019 (Global Temp),44.json,44.png,https://www.nytimes.com/2019/10/03/learning/whats-going-on-in-this-graph-oct-9-2019.html,#commentsContainer,https://www.nytimes.com/2019/10/03/learning/whats-going-on-in-this-graph-oct-9-2019.html#commentsContainer,,,,,,,,,
175,43,"Sept. 26, 2019","Oct. 2, 2019 (Education Attainment)",43.json,43.png,https://www.nytimes.com/2019/09/26/learning/whats-going-on-in-this-graph-oct-2-2019.html,#commentsContainer,https://www.nytimes.com/2019/09/26/learning/whats-going-on-in-this-graph-oct-2-2019.html#commentsContainer,,,,,,,,,
176,42,"Sept. 19, 2019","Sept. 25, 2019 (Population Change)",42.json,42.png,https://www.nytimes.com/2019/09/19/learning/whats-going-on-in-this-graph-sept-25-2019.html,#commentsContainer,https://www.nytimes.com/2019/09/19/learning/whats-going-on-in-this-graph-sept-25-2019.html#commentsContainer,,,,,,,,,
177,41,"Sept. 12, 2019","Sept. 18, 2019 (Women's Tennis)",41.json,41.png,https://www.nytimes.com/2019/09/12/learning/whats-going-on-in-this-graph-sept-18-2019.html,#commentsContainer,https://www.nytimes.com/2019/09/12/learning/whats-going-on-in-this-graph-sept-18-2019.html#commentsContainer,,,,,,,,,
178,40,"Sept. 5, 2019","Sept. 11, 2019 (Hurricane Forecast)",40.json,40.png,https://www.nytimes.com/2019/09/05/learning/whats-going-on-in-this-graph-sept-11-2019.html,#commentsContainer,https://www.nytimes.com/2019/09/05/learning/whats-going-on-in-this-graph-sept-11-2019.html#commentsContainer,,,,,,,,,
179,39,"Aug. 27, 2019",Looking for Graphs to Use in the Classroom?,39.json,39.png,https://www.nytimes.com/2019/08/27/learning/looking-for-graphs-to-use-in-the-classroom-here-are-34.html,#commentsContainer,https://www.nytimes.com/2019/08/27/learning/looking-for-graphs-to-use-in-the-classroom-here-are-34.html#commentsContainer,,,,,,,,overview,
180,38,"Aug. 27, 2019",Webinar: Teach With Graphs,38.json,38.png,https://www.nytimes.com/2019/08/27/learning/on-demand-webinar-teach-with-graphs-from-the-new-york-times.html,#commentsContainer,https://www.nytimes.com/2019/08/27/learning/on-demand-webinar-teach-with-graphs-from-the-new-york-times.html#commentsContainer,,,,,,,,overview,
181,37,"April 11, 2019","April 17, 2019 (Baseball Contracts)",37.json,37.png,https://www.nytimes.com/2019/04/11/learning/whats-going-on-in-this-graph-april-17-2019.html,#commentsContainer,https://www.nytimes.com/2019/04/11/learning/whats-going-on-in-this-graph-april-17-2019.html#commentsContainer,,,,,,,,,
182,36,"April 4, 2019","April 10, 2019 (Similar Songs)",36.json,36.png,https://www.nytimes.com/2019/04/04/learning/whats-going-on-in-this-graph-april-10-2019.html,#commentsContainer,https://www.nytimes.com/2019/04/04/learning/whats-going-on-in-this-graph-april-10-2019.html#commentsContainer,,,,,,,,,
183,35,"March 28, 2019","April 3, 2019 (Spring Leaves)",35.json,35.png,https://www.nytimes.com/2019/03/28/learning/whats-going-on-in-this-graph-april-3-2019.html,#commentsContainer,https://www.nytimes.com/2019/03/28/learning/whats-going-on-in-this-graph-april-3-2019.html#commentsContainer,,,,,,,,animation,
184,34,"March 14, 2019","March 20, 2019 (Automation)",34.json,34.png,https://www.nytimes.com/2019/03/14/learning/whats-going-on-in-this-graph-march-20-2019.html,#commentsContainer,https://www.nytimes.com/2019/03/14/learning/whats-going-on-in-this-graph-march-20-2019.html#commentsContainer,,,,,,,,animation,
185,33,"March 7, 2019","March 13, 2019 (Electricity)",33.json,33.png,https://www.nytimes.com/2019/03/07/learning/whats-going-on-in-this-graph-march-13-2019.html,#commentsContainer,https://www.nytimes.com/2019/03/07/learning/whats-going-on-in-this-graph-march-13-2019.html#commentsContainer,,,,,,,,,
186,32,"Feb. 28, 2019",Teach About Climate Change with 24 Graphs,32.json,32.png,https://www.nytimes.com/2019/02/28/learning/teach-about-climate-change-with-these-24-new-york-times-graphs.html,#commentsContainer,https://www.nytimes.com/2019/02/28/learning/teach-about-climate-change-with-these-24-new-york-times-graphs.html#commentsContainer,,,,,,,,overview,
187,31,"Feb. 28, 2019","March 6, 2019 (Tobacco)",31.json,31.png,https://www.nytimes.com/2019/02/28/learning/whats-going-on-in-this-graph-march-6-2019.html,#commentsContainer,https://www.nytimes.com/2019/02/28/learning/whats-going-on-in-this-graph-march-6-2019.html#commentsContainer,,,,,,,,,
188,30,"Feb. 21, 2019","Feb. 27, 2019 (Scarf Print)",30.json,30.png,https://www.nytimes.com/2019/02/21/learning/whats-going-on-in-this-graph-feb-27-2019.html,#commentsContainer,https://www.nytimes.com/2019/02/21/learning/whats-going-on-in-this-graph-feb-27-2019.html#commentsContainer,,,,,,,,,
189,29,"Feb. 7, 2019","Feb. 13, 2019 (Military Spending)",29.json,29.png,https://www.nytimes.com/2019/02/07/learning/whats-going-on-in-this-graph-feb-13-2019.html,#commentsContainer,https://www.nytimes.com/2019/02/07/learning/whats-going-on-in-this-graph-feb-13-2019.html#commentsContainer,,,,,,,,,
190,28,"Jan. 31, 2019","Feb. 6, 2019 (Music Consumption)",28.json,28.png,https://www.nytimes.com/2019/01/31/learning/whats-going-on-in-this-graph-feb-6-2019.html,#commentsContainer,https://www.nytimes.com/2019/01/31/learning/whats-going-on-in-this-graph-feb-6-2019.html#commentsContainer,,,,,,,,,
191,27,"Jan. 24, 2019","Jan. 30, 2019 (Market Share)",27.json,27.png,https://www.nytimes.com/2019/01/24/learning/whats-going-on-in-this-graph-jan-30-2019.html,#commentsContainer,https://www.nytimes.com/2019/01/24/learning/whats-going-on-in-this-graph-jan-30-2019.html#commentsContainer,,,,,,,,,
192,26,"Jan. 17, 2019","Jan. 23, 2019 (Winter Temps)",26.json,26.png,https://www.nytimes.com/2019/01/17/learning/whats-going-on-in-this-graph-jan-23-2019.html,#commentsContainer,https://www.nytimes.com/2019/01/17/learning/whats-going-on-in-this-graph-jan-23-2019.html#commentsContainer,,,,,,,,,
193,25,"Jan. 10, 2019","Jan. 16, 2019 (Student Loans)",25.json,25.png,https://www.nytimes.com/2019/01/10/learning/whats-going-on-in-this-graph-jan-16-2019.html,#commentsContainer,https://www.nytimes.com/2019/01/10/learning/whats-going-on-in-this-graph-jan-16-2019.html#commentsContainer,,,,,,,,,
194,24,"Jan. 3, 2019","Jan. 9, 2019 (Facebook Friendship)",24.json,24.png,https://www.nytimes.com/2019/01/03/learning/whats-going-on-in-this-graph-jan-9-2019.html,#commentsContainer,https://www.nytimes.com/2019/01/03/learning/whats-going-on-in-this-graph-jan-9-2019.html#commentsContainer,,,,,,,,,
195,23,"Dec. 6, 2018","Dec. 12, 2018 (Fancy Shoes)",23.json,23.png,https://www.nytimes.com/2018/12/06/learning/whats-going-on-in-this-graph-dec-12-2018.html,#commentsContainer,https://www.nytimes.com/2018/12/06/learning/whats-going-on-in-this-graph-dec-12-2018.html#commentsContainer,,,,,,,,,
196,22,"Nov. 29, 2018","Dec. 5, 2018 (DACA)",22.json,22.png,https://www.nytimes.com/2018/11/29/learning/whats-going-on-in-this-graph-dec-5-2018.html,#commentsContainer,https://www.nytimes.com/2018/11/29/learning/whats-going-on-in-this-graph-dec-5-2018.html#commentsContainer,,,,,,,,,
197,21,"Nov. 22, 2018","Nov. 28, 2018 (Mothers)",21.json,21.png,https://www.nytimes.com/2018/11/22/learning/whats-going-on-in-this-graph-nov-28-2018.html,#commentsContainer,https://www.nytimes.com/2018/11/22/learning/whats-going-on-in-this-graph-nov-28-2018.html#commentsContainer,,,,,,,,,
198,20,"Nov. 8, 2018","Nov. 14, 2018 (Flight Patterns)",20.json,20.png,https://www.nytimes.com/2018/11/08/learning/whats-going-on-in-this-graph-nov-14-2018.html,#commentsContainer,https://www.nytimes.com/2018/11/08/learning/whats-going-on-in-this-graph-nov-14-2018.html#commentsContainer,,,,,,,,,
199,19,"Nov. 1, 2018","Nov. 7, 2018 (Voting Precincts)",19.json,19.png,https://www.nytimes.com/2018/11/01/learning/whats-going-on-in-this-graph-nov-7-2018.html,#commentsContainer,https://www.nytimes.com/2018/11/01/learning/whats-going-on-in-this-graph-nov-7-2018.html#commentsContainer,,,,,,,,,
200,18,"Oct. 18, 2018","Oct. 24, 2018 (Voting Infographic)",18.json,18.png,https://www.nytimes.com/2018/10/18/learning/whats-going-on-in-this-graph-oct-24-2018.html,#commentsContainer,https://www.nytimes.com/2018/10/18/learning/whats-going-on-in-this-graph-oct-24-2018.html#commentsContainer,,,,,,,,,
201,17,"Oct. 16, 2018","Oct. 17, 2018 (Global Fast Food)",17.json,17.png,https://www.nytimes.com/2018/10/16/learning/whats-going-on-in-this-graph-oct-17-2018.html,#commentsContainer,https://www.nytimes.com/2018/10/16/learning/whats-going-on-in-this-graph-oct-17-2018.html#commentsContainer,,,,,,,,,
202,16,"Oct. 9, 2018","Oct. 10, 2018 (Fast Food)",16.json,16.png,https://www.nytimes.com/2018/10/09/learning/whats-going-on-in-this-graph-oct-10-2018.html,#commentsContainer,https://www.nytimes.com/2018/10/09/learning/whats-going-on-in-this-graph-oct-10-2018.html#commentsContainer,,,,,,,,,
203,15,"Oct. 2, 2018","Oct. 3, 2018 (Supreme Court)",15.json,15.png,https://www.nytimes.com/2018/10/02/learning/whats-going-on-in-this-graph-oct-3-2018.html,#commentsContainer,https://www.nytimes.com/2018/10/02/learning/whats-going-on-in-this-graph-oct-3-2018.html#commentsContainer,,,,,,,,,
204,14,"Sept. 25, 2018","Sept. 26, 2018",14.json,14.png,https://www.nytimes.com/2018/09/25/learning/whats-going-on-in-this-graph-sept-26-2018.html,#commentsContainer,https://www.nytimes.com/2018/09/25/learning/whats-going-on-in-this-graph-sept-26-2018.html#commentsContainer,,,,,,,,,
205,13,"Sept. 18, 2018","Sept. 19, 2018 (Hurricane Cost)",13.json,13.png,https://www.nytimes.com/2018/09/18/learning/whats-going-on-in-this-graph-sept-19-2018.html,#commentsContainer,https://www.nytimes.com/2018/09/18/learning/whats-going-on-in-this-graph-sept-19-2018.html#commentsContainer,,,,,,,,,
206,12,"Sept. 11, 2018","Sept. 12, 2018",12.json,12.png,https://www.nytimes.com/2018/09/11/learning/whats-going-on-in-this-graph-sept-12-2018.html,#commentsContainer,https://www.nytimes.com/2018/09/11/learning/whats-going-on-in-this-graph-sept-12-2018.html#commentsContainer,,,,,,,,,
207,11,"Aug. 27, 2018",WGOITG is Now Weekly,11.json,11.png,https://www.nytimes.com/2018/08/27/learning/whats-going-on-in-this-graph-is-now-weekly-stem-teachers-explain-why-its-a-powerful-activity.html,#commentsContainer,https://www.nytimes.com/2018/08/27/learning/whats-going-on-in-this-graph-is-now-weekly-stem-teachers-explain-why-its-a-powerful-activity.html#commentsContainer,,,,,,,,overview,
208,10,"May 3, 2018","May 8, 2018 (Hot Summer)",10.json,10.png,https://www.nytimes.com/interactive/2018/05/03/learning/08WGOITGraphLN.html,#commentsContainer,https://www.nytimes.com/interactive/2018/05/03/learning/08WGOITGraphLN.html#commentsContainer,,,,,,,,interactive,
209,9,"April 5, 2018","April 10, 2018 (Music Maps)",9.json,9.png,https://www.nytimes.com/2018/04/05/learning/whats-going-on-in-this-graph-april-10-2018.html,#commentsContainer,https://www.nytimes.com/2018/04/05/learning/whats-going-on-in-this-graph-april-10-2018.html#commentsContainer,,,,,,,,,
210,8,"March 8, 2018","March 13, 2018",8.json,8.png,https://www.nytimes.com/2018/03/08/learning/whats-going-on-in-this-graph-march-13-2018.html,#commentsContainer,https://www.nytimes.com/2018/03/08/learning/whats-going-on-in-this-graph-march-13-2018.html#commentsContainer,,,,,,,,,
211,7,"Feb. 8, 2018","Feb. 13, 2018 (Words)",7.json,7.png,https://www.nytimes.com/interactive/2018/02/08/learning/13WGOITGraphLN.html,#commentsContainer,https://www.nytimes.com/interactive/2018/02/08/learning/13WGOITGraphLN.html#commentsContainer,,,,,,,,,
212,6,"Jan. 4, 2018","Jan. 9, 2018 (Career Earnings)",6.json,6.png,https://www.nytimes.com/2018/01/04/learning/whats-going-on-in-this-graph-jan-9-2018.html,#commentsContainer,https://www.nytimes.com/2018/01/04/learning/whats-going-on-in-this-graph-jan-9-2018.html#commentsContainer,,,,,,,,,
213,5,"Dec. 12, 2017","Dec. 12, 2017 (Ecommerce)",5.json,5.png,https://www.nytimes.com/2017/12/12/learning/whats-going-on-in-this-graph-dec-12-2017.html,#commentsContainer,https://www.nytimes.com/2017/12/12/learning/whats-going-on-in-this-graph-dec-12-2017.html#commentsContainer,,,,,,,,,
214,4,"Nov. 14, 2017","Nov. 14, 2017 (Labor Force)",4.json,4.png,https://www.nytimes.com/2017/11/14/learning/whats-going-on-in-this-graph-nov-14-2017.html,#commentsContainer,https://www.nytimes.com/2017/11/14/learning/whats-going-on-in-this-graph-nov-14-2017.html#commentsContainer,,,,,,,,,
215,3,"Oct. 9, 2017","Oct. 10, 2017",3.json,3.png,https://www.nytimes.com/2017/10/09/learning/whats-going-on-in-this-graph-oct-10-2017.html,#commentsContainer,https://www.nytimes.com/2017/10/09/learning/whats-going-on-in-this-graph-oct-10-2017.html#commentsContainer,,,,,,,,,
216,2,"Sept. 19, 2017","Sept. 19, 2017",2.json,2.png,https://www.nytimes.com/2017/09/19/learning/whats-going-on-in-this-graph-sept-19-2017.html,#commentsContainer,https://www.nytimes.com/2017/09/19/learning/whats-going-on-in-this-graph-sept-19-2017.html#commentsContainer,,,,,,,,,
217,1,"Sept. 6, 2017",Announcing WGOITG?,1.json,1.png,https://www.nytimes.com/2017/09/06/learning/announcing-a-new-monthly-feature-whats-going-on-in-this-graph.html,#commentsContainer,https://www.nytimes.com/2017/09/06/learning/announcing-a-new-monthly-feature-whats-going-on-in-this-graph.html#commentsContainer,,,,,,,,,